Number,GivenName,Surname,StreetAddress,ZipCode,City,EmailAddress,Username,password,TelephoneNumber
1,Hisham,Altink,Borkelsedijk 53,5571 GA,Bergeijk,HishamAltink@teleworm.us,Reech1950,m,06-16898224
2,Maren,Breider,Van Humboldtstraat 130,3514 GS,Utrecht,MarenBreider@dayrep.com,Othed1997,m,06-23093526
3,Hayati,van Dekken,Schorweg 101,5993 PC,Maasbree,HayativanDekken@teleworm.us,Drem1996,m,06-74004784
4,Valentin,Bosgra,Bloemgracht 9,1016 KA,Amsterdam,ValentinBosgra@armyspy.com,Malame,m,06-72509347
5,Minou,Hagendoorn,Antillen 40,3524 EZ,Utrecht,MinouHagendoorn@jourrapide.com,Ringdorges,m,06-21398457
6,Anthonia,ten Thije,Kamperfoeliestraat 166,4725 AT,Wouwse Plantage,AnthoniatenThije@jourrapide.com,Ancion,m,06-98717738
7,Talita,Selles,Princestraat 62,7741 JJ,Coevorden,TalitaSelles@gustr.com,Proutirepach,m,06-50015976S
8,Bartholom,Filippo,Helmerslaan 124,5615 JE,Eindhoven,BartholomeusFilippo@jourrapide.com,Didly1970,m,06-67324675
9,Andreia,Sijtsma,Van Arkelstraat 141,2973 AL,Molenaarsgraaf,AndreiaSijtsma@jourrapide.com,Arge1936,m,06-23078929
10,Ziad,Talen,Ge van Rielstraat 59,7622 ET,Borne,ZiadTalen@rhyta.com,Lishat,m,06-10432698
11,Rodin,Reuser,Walstraat 43,4381 GT,Vlissingen,RodinReuser@gustr.com,Wortuld,m,06-52718159
12,Enno,Wemmers,Draadrusplein 83,5223 DA,s-Hertogenbosch,EnnoWemmers@superrito.com,Ores1936,m,06-43021268
13,Amiet,Voorwinden,Birkhoven 36,3452 JK,Vleuten,AmietVoorwinden@jourrapide.com,Prands1940,m,06-41912638
14,Khadya,John,Tongerloseweg 44,5087 KX,Diessen,KhadyaJohn@fleckens.hu,Greanded1959,m,06-59737627
15,Kate,Joris,Tongerloplein 96,5071 CX,Udenhout,KateJoris@gustr.com,Owittionfe,m,06-24588031
16,Huda,van Woerden,Schoondijkseweg 1,4503 GK,Groede,HudavanWoerden@cuvox.de,Whosed,m,06-11031086
17,Pavan,van Wichen,Vlamingstraat 96,2713 RT,Zoetermeer,PavanvanWichen@armyspy.com,Myst1937,m,06-27254336
18,do,dooododo,dooooodod,doododo,dodo,do,od,od,do
19,james,Overgaauw,Adriana Noorlandersingel 200,3065 HE,Rotterdam,OzgulOvergaauw@superrito.com,Shrothem1971,m,06-15253488
20,test,Willigenburg,Dingspelstraat 28,9461 JE,Gieten,GulserenWilligenburg@teleworm.us,Ressoare,m,06-92433659
